[
        {
            "id": "1",
            "dateScreened": "26/07/2019 09:13:10",
            "firstName": "Tiger",
            "lastName": "Jimson",
            "dateOfBirth": "26/10/1990",
            "uniqueIdentifier": "213465"
        },
        {
            "id": "2",
            "dateScreened": "16/08/2019 08:03:10",
            "firstName": "Billy",
            "lastName": "Crintle",
            "dateOfBirth": "22/02/1986",
            "uniqueIdentifier": "213468"
        },
        {
            "id": "3",
            "dateScreened": "12/04/2018 04:03:10",
            "firstName": "James",
            "lastName": "Grambie",
            "dateOfBirth": "24/08/1995",
            "uniqueIdentifier": "213467"
        },
        {
            "id": "4",
            "dateScreened": "11/01/2019 03:08:10",
            "firstName": "Missy",
            "lastName": "Huggins",
            "dateOfBirth": "09/12/1976",
            "uniqueIdentifier": "213450"
        },
        {
            "id": "5",
            "dateScreened": "10/02/2017 09:23:10",
            "firstName": "Trandle",
            "lastName": "Bronting",
            "dateOfBirth": "02/11/1980",
            "uniqueIdentifier": "213469"
        }
]